"SiparisTarihi","SiparisSeri","SiparisSira","KaynakDepo","HedefDepo","SatirSayisi","DuplicateMiktar","MikroSevkAdedi","ZamanFarkiMs","RiskDurumu","DuplicateMikroSevkler"
"2026-09-24","D139","2127","50","139","3","30.000","2","2170","BIRI_E_BELGELI_BIRI_BOS","F50/905985615 [E-BELGELI], F50/905985623 [BOS]"
"2026-09-24","D140","1955","50","140","4","42.000","2","2130","BIRI_E_BELGELI_BIRI_BOS","F50/905985621 [E-BELGELI], F50/905985627 [BOS]"
"2026-09-24","D152","1749","50","152","4","36.000","2","6380","IKISI_DE_E_BELGELI","F50/905985547 [E-BELGELI], F50/905985553 [E-BELGELI]"
"2026-09-24","D161","2105","50","161","4","36.000","2","2134","BIRI_E_BELGELI_BIRI_BOS","F50/905985632 [BOS], F50/905985640 [E-BELGELI]"
"2026-09-24","D163","2268","50","163","6","66.000","2","16","BIRI_E_BELGELI_BIRI_BOS","F50/905985756 [E-BELGELI], F50/905985757 [BOS]"
"2026-09-24","D165","2066","50","165","4","58.000","2","6070","IKISI_DE_E_BELGELI","F50/905985572 [E-BELGELI], F50/905985579 [E-BELGELI]"
"2026-09-24","D172","70","50","172","4","36.000","2","130","IKISI_DE_E_BELGELI","F50/905985517 [E-BELGELI], F50/905985519 [E-BELGELI]"
"2026-09-24","F117","6026","50","117","1","176.000","2","13","BIRI_E_BELGELI_BIRI_BOS","F50/905985750 [E-BELGELI], F50/905985751 [BOS]"
"2026-09-24","f50","16855","50","172","1","2520.000","2","27","BIRI_E_BELGELI_BIRI_BOS","F50/905985782 [E-BELGELI], F50/905985783 [BOS]"
"2026-09-25","D115","2099","50","115","4","126.000","2","15457","BIRI_E_BELGELI_BIRI_BOS","F50/905985851 [E-BELGELI], F50/905985852 [BOS]"
"2026-09-25","D133","2238","50","133","4","216.000","2","1987","BIRI_E_BELGELI_BIRI_BOS","F50/905985636 [BOS], F50/905985643 [E-BELGELI]"
"2026-09-25","D137","2125","50","137","4","96.000","2","357","BIRI_E_BELGELI_BIRI_BOS","F50/905985886 [BOS], F50/905985889 [E-BELGELI]"
"2026-09-25","D139","2128","50","139","4","96.000","2","2180","BIRI_E_BELGELI_BIRI_BOS","F50/905985616 [E-BELGELI], F50/905985624 [BOS]"
"2026-09-25","D140","1956","50","140","4","96.000","2","2127","BIRI_E_BELGELI_BIRI_BOS","F50/905985622 [E-BELGELI], F50/905985628 [BOS]"
"2026-09-25","D147","2113","50","147","4","96.000","2","1354","BIRI_E_BELGELI_BIRI_BOS","F50/905985894 [BOS], F50/905985897 [E-BELGELI]"
"2026-09-25","D149","2209","50","149","4","216.000","2","2384","BIRI_E_BELGELI_BIRI_BOS","F50/905985611 [E-BELGELI], F50/905985618 [BOS]"
"2026-09-25","D150","2169","50","150","4","72.000","2","923","IKISI_DE_BOS","F50/905985911 [BOS], F50/905985913 [BOS]"
"2026-09-25","D152","1750","50","152","4","156.000","2","6514","IKISI_DE_E_BELGELI","F50/905985548 [E-BELGELI], F50/905985554 [E-BELGELI]"
"2026-09-25","D161","2106","50","161","1","60.000","2","2050","BIRI_E_BELGELI_BIRI_BOS","F50/905985633 [BOS], F50/905985641 [E-BELGELI]"
"2026-09-25","D162","2151","50","162","3","84.000","2","53443","BIRI_E_BELGELI_BIRI_BOS","F50/905985737 [E-BELGELI], F50/905985738 [BOS]"
"2026-09-25","D163","2269","50","163","4","96.000","2","17","BIRI_E_BELGELI_BIRI_BOS","F50/905985758 [E-BELGELI], F50/905985759 [BOS]"
"2026-09-25","D165","2067","50","165","4","156.000","2","6137","IKISI_DE_E_BELGELI","F50/905985573 [E-BELGELI], F50/905985580 [E-BELGELI]"
"2026-09-25","D169","196","50","169","4","156.000","2","13","BIRI_E_BELGELI_BIRI_BOS","F50/905985858 [BOS], F50/905985857 [E-BELGELI]"
"2026-09-25","D170","176","50","170","4","216.000","2","1727","BIRI_E_BELGELI_BIRI_BOS","F50/905985652 [E-BELGELI], F50/905985654 [BOS]"
"2026-09-25","D172","71","50","172","4","156.000","2","147","IKISI_DE_E_BELGELI","F50/905985520 [E-BELGELI], F50/905985521 [E-BELGELI]"
"2026-09-25","F103","6146","50","103","9","177.000","2","1807","BIRI_E_BELGELI_BIRI_BOS","F50/905985646 [BOS], F50/905985649 [E-BELGELI]"
"2026-09-25","F103","6148","50","103","111","1895.000","2","1796","BIRI_E_BELGELI_BIRI_BOS","F50/905985650 [E-BELGELI], F50/905985651 [BOS]"
"2026-09-25","F104","5534","50","104","66","938.000","2","6074","IKISI_DE_E_BELGELI","F50/905985578 [E-BELGELI], F50/905985587 [E-BELGELI]"
"2026-09-25","F104","5535","50","104","3","120.000","2","5713","IKISI_DE_E_BELGELI","F50/905985581 [E-BELGELI], F50/905985588 [E-BELGELI]"
"2026-09-25","F108","6317","50","108","1","15.000","2","23","BIRI_E_BELGELI_BIRI_BOS","F50/905985692 [E-BELGELI], F50/905985693 [BOS]"
"2026-09-25","F108","6318","50","108","1","60.000","2","3286","IKISI_DE_E_BELGELI","F50/905985663 [E-BELGELI], F50/905985694 [E-BELGELI]"
"2026-09-25","F114","5810","50","114","65","4966.000","2","2320","IKISI_DE_E_BELGELI","F50/905985606 [E-BELGELI], F50/905985612 [E-BELGELI]"
"2026-09-25","F114","5813","50","114","8","382.000","2","2334","BIRI_E_BELGELI_BIRI_BOS","F50/905985609 [E-BELGELI], F50/905985614 [BOS]"
"2026-09-25","F116","8200","50","116","47","1330.000","2","2303","IKISI_DE_E_BELGELI","F50/905985601 [E-BELGELI], F50/905985605 [E-BELGELI]"
"2026-09-25","F117","6030","50","117","76","3430.000","2","14","BIRI_E_BELGELI_BIRI_BOS","F50/905985752 [E-BELGELI], F50/905985753 [BOS]"
"2026-09-25","F117","6032","50","117","1","160.000","2","53","BIRI_E_BELGELI_BIRI_BOS","F50/905985754 [E-BELGELI], F50/905985755 [BOS]"
"2026-09-25","F118","6064","50","118","112","1318.000","2","226","IKISI_DE_E_BELGELI","F50/905985528 [E-BELGELI], F50/905985529 [E-BELGELI]"
"2026-09-25","F118","6068","50","118","2","44.000","2","150","IKISI_DE_E_BELGELI","F50/905985530 [E-BELGELI], F50/905985531 [E-BELGELI]"
"2026-09-25","F119","3921","50","119","133","6648.000","2","673","IKISI_DE_E_BELGELI","F50/905985514 [E-BELGELI], F50/905985515 [E-BELGELI]"
"2026-09-25","F119","3923","50","119","1","20.000","2","140","IKISI_DE_E_BELGELI","F50/905985516 [E-BELGELI], F50/905985518 [E-BELGELI]"
"2026-09-25","F128","5817","50","128","33","393.000","2","1530","BIRI_E_BELGELI_BIRI_BOS","F50/905985657 [BOS], F50/905985659 [E-BELGELI]"
"2026-09-25","F129","5585","50","129","136","2422.000","2","11273","IKISI_DE_E_BELGELI","F50/905985542 [E-BELGELI], F50/905985549 [E-BELGELI]"
"2026-09-25","F129","5586","50","129","1","10.000","2","5344","IKISI_DE_E_BELGELI","F50/905985545 [E-BELGELI], F50/905985551 [E-BELGELI]"
"2026-09-25","F133","6393","50","133","65","743.000","2","1983","BIRI_E_BELGELI_BIRI_BOS","F50/905985644 [E-BELGELI], F50/905985647 [BOS]"
"2026-09-25","F139","5661","50","139","39","887.000","2","2180","IKISI_DE_E_BELGELI","F50/905985619 [E-BELGELI], F50/905985625 [E-BELGELI]"
"2026-09-25","F140","5746","50","140","84","1482.000","2","2123","BIRI_E_BELGELI_BIRI_BOS","F50/905985626 [E-BELGELI], F50/905985634 [BOS]"
"2026-09-25","F140","5747","50","140","4","2044.000","2","2337","BIRI_E_BELGELI_BIRI_BOS","F50/905985629 [E-BELGELI], F50/905985637 [BOS]"
"2026-09-25","F140","5749","50","140","1","5.000","2","2117","BIRI_E_BELGELI_BIRI_BOS","F50/905985630 [E-BELGELI], F50/905985638 [BOS]"
"2026-09-25","F140","5751","50","140","1","140.000","2","2117","BIRI_E_BELGELI_BIRI_BOS","F50/905985631 [E-BELGELI], F50/905985639 [BOS]"
"2026-09-25","F149","7133","50","149","36","2350.000","2","2390","BIRI_E_BELGELI_BIRI_BOS","F50/905985613 [E-BELGELI], F50/905985620 [BOS]"
"2026-09-25","F150","5497","50","150","7","1180.000","2","5340","IKISI_DE_E_BELGELI","F50/905985546 [E-BELGELI], F50/905985552 [E-BELGELI]"
"2026-09-25","F152","4824","50","152","126","1659.000","2","6594","IKISI_DE_E_BELGELI","F50/905985550 [E-BELGELI], F50/905985560 [E-BELGELI]"
"2026-09-25","F152","4826","50","152","4","56.000","2","7450","IKISI_DE_E_BELGELI","F50/905985555 [E-BELGELI], F50/905985561 [E-BELGELI]"
"2026-09-25","F152","4828","50","152","1","20.000","2","7496","IKISI_DE_E_BELGELI","F50/905985556 [E-BELGELI], F50/905985562 [E-BELGELI]"
"2026-09-25","F152","4829","50","152","1","12.000","2","7500","IKISI_DE_E_BELGELI","F50/905985557 [E-BELGELI], F50/905985563 [E-BELGELI]"
"2026-09-25","F152","4830","50","152","4","34.000","2","7504","IKISI_DE_E_BELGELI","F50/905985558 [E-BELGELI], F50/905985564 [E-BELGELI]"
"2026-09-25","F161","5290","50","161","39","588.000","2","2033","BIRI_E_BELGELI_BIRI_BOS","F50/905985635 [BOS], F50/905985642 [E-BELGELI]"
"2026-09-25","F162","5487","50","162","42","525.000","2","157","BIRI_E_BELGELI_BIRI_BOS","F50/905985739 [E-BELGELI], F50/905985740 [BOS]"
"2026-09-25","F162","5491","50","162","6","57.000","2","426","BIRI_E_BELGELI_BIRI_BOS","F50/905985744 [E-BELGELI], F50/905985745 [BOS]"
"2026-09-25","F163","6198","50","163","90","1835.000","2","10","BIRI_E_BELGELI_BIRI_BOS","F50/905985761 [BOS], F50/905985760 [E-BELGELI]"
"2026-09-25","F165","5320","50","165","62","790.000","2","6107","IKISI_DE_E_BELGELI","F50/905985574 [E-BELGELI], F50/905985584 [E-BELGELI]"
"2026-09-25","F170","478","50","170","58","747.000","2","1706","BIRI_E_BELGELI_BIRI_BOS","F50/905985653 [E-BELGELI], F50/905985656 [BOS]"
"2026-09-25","F172","116","50","172","52","621.000","2","153","IKISI_DE_E_BELGELI","F50/905985522 [E-BELGELI], F50/905985523 [E-BELGELI]"
"2026-09-25","f50","16882","50","119","1","2520.000","2","73","BIRI_E_BELGELI_BIRI_BOS","F50/905985784 [E-BELGELI], F50/905985786 [BOS]"
"2026-09-25","O108","6315","50","108","37","351.000","2","3313","IKISI_DE_E_BELGELI","F50/905985665 [E-BELGELI], F50/905985702 [E-BELGELI]"
"2026-09-25","O114","5810","50","114","4","74.000","2","2357","BIRI_E_BELGELI_BIRI_BOS","F50/905985610 [E-BELGELI], F50/905985617 [BOS]"
"2026-09-25","O152","4824","50","152","2","18.000","2","7063","IKISI_DE_E_BELGELI","F50/905985559 [E-BELGELI], F50/905985565 [E-BELGELI]"
"2026-09-26","D133","2240","50","133","1","10.000","2","3143","IKISI_DE_E_BELGELI","F50/905985685 [E-BELGELI], F50/905985722 [E-BELGELI]"
"2026-09-26","D135","2328","50","135","1","10.000","2","3143","IKISI_DE_E_BELGELI","F50/905985686 [E-BELGELI], F50/905985723 [E-BELGELI]"
"2026-09-26","D139","2130","50","139","1","5.000","2","3150","IKISI_DE_E_BELGELI","F50/905985682 [E-BELGELI], F50/905985719 [E-BELGELI]"
"2026-09-26","D140","1958","50","140","1","5.000","2","3146","IKISI_DE_E_BELGELI","F50/905985683 [E-BELGELI], F50/905985720 [E-BELGELI]"
"2026-09-26","D141","2162","50","141","1","5.000","2","3147","IKISI_DE_E_BELGELI","F50/905985684 [E-BELGELI], F50/905985721 [E-BELGELI]"
"2026-09-26","D144","2155","50","144","1","5.000","2","3154","IKISI_DE_E_BELGELI","F50/905985680 [E-BELGELI], F50/905985717 [E-BELGELI]"
"2026-09-26","D146","2068","50","146","1","5.000","2","3157","IKISI_DE_E_BELGELI","F50/905985679 [E-BELGELI], F50/905985716 [E-BELGELI]"
"2026-09-26","D149","2211","50","149","1","10.000","2","3164","IKISI_DE_E_BELGELI","F50/905985678 [E-BELGELI], F50/905985715 [E-BELGELI]"
"2026-09-26","D151","2180","50","151","1","5.000","2","3220","IKISI_DE_E_BELGELI","F50/905985668 [E-BELGELI], F50/905985705 [E-BELGELI]"
"2026-09-26","D152","1752","50","152","1","10.000","2","3214","IKISI_DE_E_BELGELI","F50/905985669 [E-BELGELI], F50/905985706 [E-BELGELI]"
"2026-09-26","D157","2308","50","157","1","10.000","2","3177","IKISI_DE_E_BELGELI","F50/905985676 [E-BELGELI], F50/905985713 [E-BELGELI]"
"2026-09-26","D158","2165","50","158","1","10.000","2","3160","IKISI_DE_E_BELGELI","F50/905985677 [E-BELGELI], F50/905985714 [E-BELGELI]"
"2026-09-26","D161","2108","50","161","1","5.000","2","3183","IKISI_DE_E_BELGELI","F50/905985673 [E-BELGELI], F50/905985710 [E-BELGELI]"
"2026-09-26","D162","2153","50","162","1","5.000","2","3180","IKISI_DE_E_BELGELI","F50/905985674 [E-BELGELI], F50/905985711 [E-BELGELI]"
"2026-09-26","D163","2271","50","163","1","5.000","2","3180","IKISI_DE_E_BELGELI","F50/905985675 [E-BELGELI], F50/905985712 [E-BELGELI]"
"2026-09-26","D165","2069","50","165","1","5.000","2","3210","IKISI_DE_E_BELGELI","F50/905985670 [E-BELGELI], F50/905985707 [E-BELGELI]"
"2026-09-26","D166","1754","50","166","1","10.000","2","3193","IKISI_DE_E_BELGELI","F50/905985671 [E-BELGELI], F50/905985708 [E-BELGELI]"
"2026-09-26","D167","505","50","167","1","5.000","2","3183","IKISI_DE_E_BELGELI","F50/905985672 [E-BELGELI], F50/905985709 [E-BELGELI]"
"2026-09-26","D170","178","50","170","1","10.000","2","3240","IKISI_DE_E_BELGELI","F50/905985666 [E-BELGELI], F50/905985703 [E-BELGELI]"
"2026-09-26","D172","73","50","172","1","10.000","2","3227","IKISI_DE_E_BELGELI","F50/905985667 [E-BELGELI], F50/905985704 [E-BELGELI]"
"2026-09-26","F117","6033","50","117","1","1008.000","2","57","BIRI_E_BELGELI_BIRI_BOS","F50/905985790 [E-BELGELI], F50/905985791 [BOS]"
"2026-09-26","F137","5592","50","137","62","488.000","2","513","BIRI_E_BELGELI_BIRI_BOS","F50/905985890 [E-BELGELI], F50/905985891 [BOS]"
"2026-09-26","f50","16890","50","129","2","42.000","2","57","BIRI_E_BELGELI_BIRI_BOS","F50/905985767 [E-BELGELI], F50/905985768 [BOS]"
"2026-09-26","f50","16892","50","119","2","12.000","2","46","BIRI_E_BELGELI_BIRI_BOS","F50/905985769 [E-BELGELI], F50/905985770 [BOS]"
"2026-09-26","f50","16893","50","103","2","104.000","2","47","BIRI_E_BELGELI_BIRI_BOS","F50/905985771 [E-BELGELI], F50/905985772 [BOS]"
"2026-09-26","f50","16894","50","116","1","34.000","2","66","BIRI_E_BELGELI_BIRI_BOS","F50/905985773 [E-BELGELI], F50/905985774 [BOS]"
"2026-09-26","f50","16895","50","133","8","44.000","2","67","BIRI_E_BELGELI_BIRI_BOS","F50/905985775 [E-BELGELI], F50/905985776 [BOS]"
"2026-09-26","f50","16896","50","135","1","6.000","2","34","BIRI_E_BELGELI_BIRI_BOS","F50/905985777 [E-BELGELI], F50/905985778 [BOS]"
"2026-09-26","f50","16897","50","125","1","504.000","2","97","BIRI_E_BELGELI_BIRI_BOS","F50/905985785 [E-BELGELI], F50/905985787 [BOS]"
"2026-09-26","f50","16898","50","102","1","6.000","2","33","BIRI_E_BELGELI_BIRI_BOS","F50/905985779 [E-BELGELI], F50/905985780 [BOS]"
"2026-09-26","f50","16900","50","51","6","9.000","2","87","BIRI_E_BELGELI_BIRI_BOS","F50/905985788 [E-BELGELI], F50/905985789 [BOS]"
"2026-09-27","F115","5233","50","115","65","974.000","2","55257","BIRI_E_BELGELI_BIRI_BOS","F50/905985853 [E-BELGELI], F50/905985854 [BOS]"
"2026-09-27","F116","8205","50","116","65","3712.000","2","43","BIRI_E_BELGELI_BIRI_BOS","F50/905985873 [E-BELGELI], F50/905985874 [BOS]"
"2026-09-27","F116","8206","50","116","7","64.000","2","77","BIRI_E_BELGELI_BIRI_BOS","F50/905985875 [E-BELGELI], F50/905985876 [BOS]"
"2026-09-27","F135","8936","50","135","2","10100.000","2","2390","BIRI_E_BELGELI_BIRI_BOS","F50/905985899 [BOS], F50/905985902 [E-BELGELI]"
"2026-09-27","F135","8938","50","135","77","1410.000","2","2427","BIRI_E_BELGELI_BIRI_BOS","F50/905985901 [E-BELGELI], F50/905985904 [BOS]"
"2026-09-27","F135","8940","50","135","10","156.000","2","2733","BIRI_E_BELGELI_BIRI_BOS","F50/905985903 [E-BELGELI], F50/905985905 [BOS]"
"2026-09-27","F137","5594","50","137","9","150.000","2","1210","BIRI_E_BELGELI_BIRI_BOS","F50/905985892 [E-BELGELI], F50/905985895 [BOS]"
"2026-09-27","F137","5595","50","137","5","156.000","2","1307","BIRI_E_BELGELI_BIRI_BOS","F50/905985893 [E-BELGELI], F50/905985896 [BOS]"
"2026-09-27","F147","5343","50","147","78","4086.000","2","1410","BIRI_E_BELGELI_BIRI_BOS","F50/905985898 [E-BELGELI], F50/905985900 [BOS]"
"2026-09-27","F150","5501","50","150","80","1146.000","2","913","IKISI_DE_BOS","F50/905985914 [BOS], F50/905985915 [BOS]"
"2026-09-27","F150","5503","50","150","7","60.000","2","843","IKISI_DE_BOS","F50/905985916 [BOS], F50/905985918 [BOS]"
"2026-09-27","F157","8368","50","157","48","1254.000","2","53","BIRI_E_BELGELI_BIRI_BOS","F50/905985863 [E-BELGELI], F50/905985864 [BOS]"
"2026-09-27","F157","8369","50","157","4","42.000","2","994","BIRI_E_BELGELI_BIRI_BOS","F50/905985865 [E-BELGELI], F50/905985866 [BOS]"
"2026-09-27","F159","5634","50","159","60","1125.000","2","1023","BIRI_E_BELGELI_BIRI_BOS","F50/905985910 [E-BELGELI], F50/905985912 [BOS]"
"2026-09-27","F160","5324","50","160","116","3345.000","2","37","IKISI_DE_BOS","F50/905985882 [BOS], F50/905985883 [BOS]"
"2026-09-27","F160","5327","50","160","2","20.000","2","336","IKISI_DE_BOS","F50/905985884 [BOS], F50/905985887 [BOS]"
"2026-09-27","F160","5328","50","160","1","12.000","2","350","IKISI_DE_BOS","F50/905985885 [BOS], F50/905985888 [BOS]"
"2026-09-27","F166","5221","50","166","93","1964.000","2","24","BIRI_E_BELGELI_BIRI_BOS","F50/905985870 [BOS], F50/905985869 [E-BELGELI]"
"2026-09-27","F166","5223","50","166","1","18.000","2","16","BIRI_E_BELGELI_BIRI_BOS","F50/905985871 [E-BELGELI], F50/905985872 [BOS]"
"2026-09-27","F169","544","50","169","75","2975.000","2","4","BIRI_E_BELGELI_BIRI_BOS","F50/905985859 [E-BELGELI], F50/905985860 [BOS]"
"2026-09-27","F169","545","50","169","5","84.000","2","960","BIRI_E_BELGELI_BIRI_BOS","F50/905985861 [E-BELGELI], F50/905985862 [BOS]"
"2026-09-27","F170","483","50","170","43","561.000","2","73","BIRI_E_BELGELI_BIRI_BOS","F50/905985879 [E-BELGELI], F50/905985880 [BOS]"
"2026-09-27","O115","5234","50","115","2","32.000","2","227","BIRI_E_BELGELI_BIRI_BOS","F50/905985855 [E-BELGELI], F50/905985856 [BOS]"
"2026-09-27","O116","8206","50","116","2","24.000","2","110","IKISI_DE_BOS","F50/905985877 [BOS], F50/905985878 [BOS]"
"2026-09-27","O135","8938","50","135","56","644.000","2","2773","IKISI_DE_BOS","F50/905985906 [BOS], F50/905985907 [BOS]"
"2026-09-27","O150","5501","50","150","10","205.000","2","817","IKISI_DE_BOS","F50/905985917 [BOS], F50/905985919 [BOS]"
"2026-09-27","O157","8367","50","157","51","704.000","2","967","BIRI_E_BELGELI_BIRI_BOS","F50/905985867 [E-BELGELI], F50/905985868 [BOS]"
