document	line	stock_code	quantity	item_name	description
F53/119668	1	016330	1.69	DANA KASAP KÖFTE KG	2700005
F56/87956	1	006594	1	SRF AMB.STREÇ FİLM 50*300MT 17 MİCRON PLT	006594
F56/87956	2	001178	12.2	MNV ÜZÜM SİYAH KG	2700190
F56/87956	3	075050	27.18	MNV ÜZÜM REDGLOB KIRMIZI KG	2700415
F56/87956	4	001518	11.38	MNV ÜZÜM MEVLANA KG	2700504
F56/87956	5	001177	64.86	MNV ÜZÜM ÇEKİRDEKSİZ KG	2700162
F56/87956	6	001082	25.08	MNV ŞEFTALİ KG	2700174
F56/87956	7	047516	10	MNV SOĞAN TAZE ADET	2900139
F56/87956	8	017358	5	MNV ROKA ADET	2900740
F56/87956	14	016168	5	MNV NANE ADET	2900739
F56/87956	17	016175	32	MNV MARUL KIVIRCIK ADET	2900284
F56/87956	23	016151	13.37	MNV KABAK LÜX KG	2700132
F56/87956	26	010512	50.12	MNV GÖNEN BEYAZ KAVUN KG	2700333
F56/87956	28	023656	6.9	MNV ELMA GRANNY SMİTH (YEŞİL) KG	2700189
F56/87956	33	016128	13.63	MNV DOMATES ÇERİ(KOKTEYL) KG	2700125
F56/87956	35	047822	46.04	MNV ÇITIR SALATA KG	2700296
F56/87973	1	001177	32.43	MNV ÜZÜM ÇEKİRDEKSİZ KG	2700162
F56/87973	2	001082	12.54	MNV ŞEFTALİ KG	2700174
F56/87973	3	047516	10	MNV SOĞAN TAZE ADET	2900139
F56/87973	4	016153	50	MNV SOĞAN KURU KG	2700133
F56/87973	5	008189	3	MNV PİTAHAYA EJDER MEYVESİ ADET	2900017
F56/87973	6	017063	11.54	MNV PIRASA KG	2700150
F56/87973	7	016837	12.69	MNV PATLICAN TOPHANE KG	2700146
F56/87973	8	016154	14.57	MNV PATLICAN LÜX KG	2700134
F56/87973	9	053765	42	MNV PATATES TAZE KG	2700477
F56/87973	10	016234	20	MNV MUZ İTHAL KG	2700165
F56/87973	11	016167	15	MNV MAYDANOZ ADET	2900282
F56/87973	12	016175	12	MNV MARUL KIVIRCIK ADET	2900284
F56/87973	13	016174	6	MNV MARUL ICEBERG (ATOM) ADET	2900283
F56/87973	14	017292	26.3	MNV MANDALİNA EKO KG	2700183
F56/87973	15	010670	10	MNV LİMON KG	2700337
F56/87973	16	016257	8.28	MNV KİVİ KG	2700168
F56/87973	17	023656	6.9	MNV ELMA GRANNY SMİTH (YEŞİL) KG	2700189
F56/87973	18	016129	27.25	MNV DOMATES SALKIM KG	2700126
F56/87973	19	054150	29.85	MNV DOMATES PEMBE KG	2700480
F56/87973	20	031070	35.19	MNV DOMATES KG	2700155
F56/87973	21	047515	5	MNV DERE OTU ADET	2900138
